[{"model": "home.customuser", "pk": 1, "fields": {"password": "pbkdf2_sha256$870000$N8q9W7vOJXZVCGDvnyGAoQ$Beoc1ZgCUVFL3tZWCJiTfvCfVeTY8mnJaITCtHsdlFU=", "last_login": "2026-07-04T14:28:44.183Z", "is_superuser": true, "username": "admin", "first_name": "", "last_name": "", "email": "admin@mail.mail", "is_staff": true, "is_active": true, "date_joined": "2026-07-03T21:22:33.819Z", "role": "staff", "groups": [], "user_permissions": []}}, {"model": "home.customuser", "pk": 2, "fields": {"password": "pbkdf2_sha256$870000$f21KCtynbzDpQ2l6OgJWMQ$hwnNjKhNGTISeuzQqlT+i2UEJFNF/TLHlaDLicXgiOg=", "last_login": "2026-07-04T13:51:38.859Z", "is_superuser": false, "username": "Евгений", "first_name": "Евгений", "last_name": "Синицын", "email": "", "is_staff": false, "is_active": true, "date_joined": "2026-07-04T12:07:23Z", "role": "staff", "groups": [], "user_permissions": []}}, {"model": "home.customuser", "pk": 3, "fields": {"password": "pbkdf2_sha256$870000$CpdAgJO5nXtDhr9Ryid3fZ$rUlzC3M/CsJxvRuNv4mbGlut8/UxpS5Qi8KcSmhRC6U=", "last_login": "2026-07-04T13:56:27.748Z", "is_superuser": false, "username": "Игорь", "first_name": "Игорь", "last_name": "Михайлович", "email": "", "is_staff": true, "is_active": true, "date_joined": "2026-07-04T12:10:47Z", "role": "manager", "groups": [], "user_permissions": []}}, {"model": "home.customuser", "pk": 4, "fields": {"password": "pbkdf2_sha256$870000$lsEXZ5rL1SiEBwycO6xz6Z$jQqANzJFZtJYUBDXFExkolbAIHkW/9RKoBIVCu5sMh4=", "last_login": "2026-07-04T13:00:12.558Z", "is_superuser": false, "username": "Виталий", "first_name": "Виталий", "last_name": "Горцов", "email": "", "is_staff": false, "is_active": true, "date_joined": "2026-07-04T12:38:26Z", "role": "staff", "groups": [], "user_permissions": []}}, {"model": "home.persons", "pk": 1, "fields": {"name": "Александр", "surname": "Соколов", "patronymic": "Дмитриевич", "phone_number": "+70000000001", "birthdate": "1985-01-05", "chat_status": true, "created_at": "2025-12-04T15:47:00Z", "is_active": true, "is_contact": true, "last_task_date": null}}, {"model": "home.persons", "pk": 2, "fields": {"name": "Александр", "surname": "Смирнов", "patronymic": "Дмитриевич", "phone_number": "+70000000002", "birthdate": "1985-06-08", "chat_status": true, "created_at": "2025-09-07T16:41:00Z", "is_active": true, "is_contact": true, "last_task_date": "2026-07-04"}}, {"model": "home.persons", "pk": 3, "fields": {"name": "Анна", "surname": "Кузнецова", "patronymic": "Ивановна", "phone_number": "+70000000003", "birthdate": "1993-12-16", "chat_status": false, "created_at": "2025-05-05T08:48:00Z", "is_active": true, "is_contact": true, "last_task_date": null}}, {"model": "home.persons", "pk": 4, "fields": {"name": "Мария", "surname": "Лебедева", "patronymic": "Михайловна", "phone_number": "+70000000004", "birthdate": "1990-06-06", "chat_status": false, "created_at": "2025-01-24T12:34:00Z", "is_active": true, "is_contact": true, "last_task_date": null}}, {"model": "home.persons", "pk": 5, "fields": {"name": "Михаил", "surname": "Соколов", "patronymic": "Михайлович", "phone_number": "+70000000005", "birthdate": "2003-03-14", "chat_status": false, "created_at": "2025-10-07T16:04:00Z", "is_active": true, "is_contact": true, "last_task_date": "2026-07-04"}}, {"model": "home.persons", "pk": 6, "fields": {"name": "Сергей", "surname": "Смирнов", "patronymic": "Андреевич", "phone_number": "+70000000006", "birthdate": "1987-06-21", "chat_status": false, "created_at": "2025-11-27T10:10:00Z", "is_active": false, "is_contact": true, "last_task_date": null}}, {"model": "home.persons", "pk": 7, "fields": {"name": "Андрей", "surname": "Смирнов", "patronymic": "Алексеевич", "phone_number": "+70000000007", "birthdate": "2003-06-26", "chat_status": true, "created_at": "2025-09-24T08:10:00Z", "is_active": false, "is_contact": true, "last_task_date": null}}, {"model": "home.persons", "pk": 8, "fields": {"name": "Ирина", "surname": "Попова", "patronymic": "Ивановна", "phone_number": "+70000000008", "birthdate": "1989-07-19", "chat_status": true, "created_at": "2025-04-27T05:51:00Z", "is_active": false, "is_contact": true, "last_task_date": null}}, {"model": "home.persons", "pk": 9, "fields": {"name": "Мария", "surname": "Попова", "patronymic": "Алексеевна", "phone_number": "+70000000009", "birthdate": "1989-02-11", "chat_status": true, "created_at": "2025-11-16T11:56:00Z", "is_active": true, "is_contact": true, "last_task_date": null}}, {"model": "home.persons", "pk": 10, "fields": {"name": "Сергей", "surname": "Волков", "patronymic": "Алексеевич", "phone_number": "+70000000010", "birthdate": "1986-10-14", "chat_status": false, "created_at": "2025-10-13T10:14:00Z", "is_active": true, "is_contact": true, "last_task_date": null}}, {"model": "home.persons", "pk": 11, "fields": {"name": "Александр", "surname": "Смирнов", "patronymic": "Дмитриевич", "phone_number": "+70000000011", "birthdate": "2003-02-23", "chat_status": true, "created_at": "2025-11-14T14:04:00Z", "is_active": false, "is_contact": true, "last_task_date": null}}, {"model": "home.persons", "pk": 12, "fields": {"name": "Ирина", "surname": "Соколова", "patronymic": "Алексеевна", "phone_number": "+70000000012", "birthdate": "1975-07-08", "chat_status": true, "created_at": "2025-11-18T17:17:00Z", "is_active": false, "is_contact": false, "last_task_date": "2026-07-04"}}, {"model": "home.persons", "pk": 13, "fields": {"name": "Елена", "surname": "Морозова", "patronymic": "Александровна", "phone_number": "+70000000013", "birthdate": "1999-10-25", "chat_status": true, "created_at": "2025-09-04T15:19:00Z", "is_active": false, "is_contact": true, "last_task_date": null}}, {"model": "home.persons", "pk": 14, "fields": {"name": "Михаил", "surname": "Волков", "patronymic": "Александрович", "phone_number": "+70000000014", "birthdate": "2001-11-13", "chat_status": false, "created_at": "2025-08-01T06:59:00Z", "is_active": false, "is_contact": true, "last_task_date": null}}, {"model": "home.persons", "pk": 15, "fields": {"name": "Александр", "surname": "Попов", "patronymic": "Алексеевич", "phone_number": "+70000000015", "birthdate": "1978-07-14", "chat_status": true, "created_at": "2025-12-16T06:48:00Z", "is_active": true, "is_contact": true, "last_task_date": null}}, {"model": "home.persons", "pk": 16, "fields": {"name": "Ирина", "surname": "Кузнецова", "patronymic": "Сергеевна", "phone_number": "+70000000016", "birthdate": "1998-09-02", "chat_status": false, "created_at": "2025-04-18T17:46:00Z", "is_active": true, "is_contact": true, "last_task_date": null}}, {"model": "home.persons", "pk": 17, "fields": {"name": "Екатерина", "surname": "Морозова", "patronymic": "Алексеевна", "phone_number": "+70000000017", "birthdate": "1995-04-03", "chat_status": true, "created_at": "2025-04-08T06:21:00Z", "is_active": true, "is_contact": true, "last_task_date": "2026-07-04"}}, {"model": "home.persons", "pk": 18, "fields": {"name": "Александр", "surname": "Смирнов", "patronymic": "Иванович", "phone_number": "+70000000018", "birthdate": "2003-04-23", "chat_status": true, "created_at": "2025-04-03T05:55:00Z", "is_active": false, "is_contact": true, "last_task_date": null}}, {"model": "home.persons", "pk": 19, "fields": {"name": "Андрей", "surname": "Морозов", "patronymic": "Дмитриевич", "phone_number": "+70000000019", "birthdate": "1999-03-10", "chat_status": true, "created_at": "2025-12-19T14:30:00Z", "is_active": true, "is_contact": true, "last_task_date": null}}, {"model": "home.persons", "pk": 20, "fields": {"name": "Ольга", "surname": "Смирнова", "patronymic": "Александровна", "phone_number": "+70000000020", "birthdate": "2004-07-23", "chat_status": false, "created_at": "2025-06-14T11:29:00Z", "is_active": false, "is_contact": true, "last_task_date": "2026-07-04"}}, {"model": "home.persons", "pk": 21, "fields": {"name": "Екатерина", "surname": "Смирнова", "patronymic": "Дмитриевна", "phone_number": "+70000000021", "birthdate": "1983-08-06", "chat_status": true, "created_at": "2025-09-15T07:27:00Z", "is_active": true, "is_contact": true, "last_task_date": null}}, {"model": "home.persons", "pk": 22, "fields": {"name": "Ольга", "surname": "Смирнова", "patronymic": "Андреевна", "phone_number": "+70000000022", "birthdate": "1999-09-08", "chat_status": true, "created_at": "2025-01-21T13:53:00Z", "is_active": true, "is_contact": true, "last_task_date": null}}, {"model": "home.persons", "pk": 23, "fields": {"name": "Артём", "surname": "Морозов", "patronymic": "Андреевич", "phone_number": "+70000000023", "birthdate": "1984-08-03", "chat_status": false, "created_at": "2025-01-06T11:00:00Z", "is_active": false, "is_contact": true, "last_task_date": null}}, {"model": "home.persons", "pk": 24, "fields": {"name": "Наталья", "surname": "Новикова", "patronymic": "Ивановна", "phone_number": "+70000000024", "birthdate": "1999-12-06", "chat_status": false, "created_at": "2025-03-07T09:13:00Z", "is_active": true, "is_contact": true, "last_task_date": null}}, {"model": "home.persons", "pk": 25, "fields": {"name": "Александр", "surname": "Зайцев", "patronymic": "Андреевич", "phone_number": "+70000000025", "birthdate": "1997-07-22", "chat_status": true, "created_at": "2025-01-17T06:54:00Z", "is_active": true, "is_contact": true, "last_task_date": null}}, {"model": "home.persons", "pk": 26, "fields": {"name": "Сергей", "surname": "Новиков", "patronymic": "Александрович", "phone_number": "+70000000026", "birthdate": "2000-07-21", "chat_status": true, "created_at": "2025-10-20T05:39:00Z", "is_active": true, "is_contact": true, "last_task_date": null}}, {"model": "home.persons", "pk": 27, "fields": {"name": "Наталья", "surname": "Попова", "patronymic": "Ивановна", "phone_number": "+70000000027", "birthdate": "1989-02-03", "chat_status": true, "created_at": "2025-05-13T07:42:00Z", "is_active": false, "is_contact": true, "last_task_date": null}}, {"model": "home.persons", "pk": 28, "fields": {"name": "Мария", "surname": "Иванова", "patronymic": "Андреевна", "phone_number": "+70000000028", "birthdate": "2002-11-12", "chat_status": true, "created_at": "2025-02-18T08:32:00Z", "is_active": false, "is_contact": true, "last_task_date": null}}, {"model": "home.persons", "pk": 29, "fields": {"name": "Сергей", "surname": "Лебедев", "patronymic": "Сергеевич", "phone_number": "+70000000029", "birthdate": "1982-01-28", "chat_status": false, "created_at": "2025-09-23T09:39:00Z", "is_active": true, "is_contact": true, "last_task_date": null}}, {"model": "home.persons", "pk": 30, "fields": {"name": "Максим", "surname": "Соколов", "patronymic": "Александрович", "phone_number": "+70000000030", "birthdate": "1979-10-20", "chat_status": true, "created_at": "2025-05-10T14:13:00Z", "is_active": false, "is_contact": true, "last_task_date": null}}, {"model": "home.games", "pk": 1, "fields": {"name": "Half-Life: Alyx"}}, {"model": "home.games", "pk": 2, "fields": {"name": "Beat Saber"}}, {"model": "home.games", "pk": 3, "fields": {"name": "VR Party"}}, {"model": "home.games", "pk": 4, "fields": {"name": "Superhot VR"}}, {"model": "home.games", "pk": 5, "fields": {"name": "Job Simulator"}}, {"model": "home.games", "pk": 6, "fields": {"name": "VRChat"}}, {"model": "home.persongame", "pk": 1, "fields": {"person": 1, "game": 3, "played_at": "2025-09-16T09:57:00Z"}}, {"model": "home.persongame", "pk": 2, "fields": {"person": 1, "game": 1, "played_at": "2025-02-21T11:53:00Z"}}, {"model": "home.persongame", "pk": 3, "fields": {"person": 2, "game": 1, "played_at": "2025-01-11T17:08:00Z"}}, {"model": "home.persongame", "pk": 4, "fields": {"person": 3, "game": 3, "played_at": "2025-03-24T12:35:00Z"}}, {"model": "home.persongame", "pk": 5, "fields": {"person": 3, "game": 6, "played_at": "2025-07-18T05:07:00Z"}}, {"model": "home.persongame", "pk": 6, "fields": {"person": 5, "game": 2, "played_at": "2025-09-02T18:23:00Z"}}, {"model": "home.persongame", "pk": 7, "fields": {"person": 5, "game": 5, "played_at": "2025-09-05T11:08:00Z"}}, {"model": "home.persongame", "pk": 8, "fields": {"person": 7, "game": 3, "played_at": "2025-01-12T08:43:00Z"}}, {"model": "home.persongame", "pk": 9, "fields": {"person": 9, "game": 1, "played_at": "2025-06-25T13:56:00Z"}}, {"model": "home.persongame", "pk": 10, "fields": {"person": 9, "game": 4, "played_at": "2025-10-24T07:59:00Z"}}, {"model": "home.persongame", "pk": 11, "fields": {"person": 13, "game": 1, "played_at": "2025-03-24T19:21:00Z"}}, {"model": "home.persongame", "pk": 12, "fields": {"person": 14, "game": 6, "played_at": "2025-12-26T08:17:00Z"}}, {"model": "home.persongame", "pk": 13, "fields": {"person": 16, "game": 1, "played_at": "2025-07-28T05:54:00Z"}}, {"model": "home.persongame", "pk": 14, "fields": {"person": 16, "game": 4, "played_at": "2025-04-07T18:58:00Z"}}, {"model": "home.persongame", "pk": 15, "fields": {"person": 17, "game": 3, "played_at": "2025-05-27T17:55:00Z"}}, {"model": "home.persongame", "pk": 16, "fields": {"person": 21, "game": 2, "played_at": "2025-07-11T09:55:00Z"}}, {"model": "home.persongame", "pk": 17, "fields": {"person": 21, "game": 1, "played_at": "2025-05-12T15:32:00Z"}}, {"model": "home.persongame", "pk": 18, "fields": {"person": 22, "game": 6, "played_at": "2025-09-11T05:07:00Z"}}, {"model": "home.persongame", "pk": 19, "fields": {"person": 23, "game": 2, "played_at": "2025-10-09T05:06:00Z"}}, {"model": "home.persongame", "pk": 20, "fields": {"person": 24, "game": 4, "played_at": "2025-06-24T17:20:00Z"}}, {"model": "home.persongame", "pk": 21, "fields": {"person": 24, "game": 4, "played_at": "2025-10-17T06:24:00Z"}}, {"model": "home.persongame", "pk": 22, "fields": {"person": 25, "game": 2, "played_at": "2025-05-02T16:27:00Z"}}, {"model": "home.persongame", "pk": 23, "fields": {"person": 25, "game": 1, "played_at": "2025-09-26T13:43:00Z"}}, {"model": "home.persongame", "pk": 24, "fields": {"person": 26, "game": 6, "played_at": "2025-12-22T08:23:00Z"}}, {"model": "home.persongame", "pk": 25, "fields": {"person": 26, "game": 4, "played_at": "2025-02-22T19:21:00Z"}}, {"model": "home.persongame", "pk": 26, "fields": {"person": 27, "game": 3, "played_at": "2025-11-28T06:46:00Z"}}, {"model": "home.persongame", "pk": 27, "fields": {"person": 27, "game": 3, "played_at": "2025-09-10T15:26:00Z"}}, {"model": "home.persongame", "pk": 28, "fields": {"person": 28, "game": 4, "played_at": "2025-12-10T13:08:00Z"}}, {"model": "home.persongame", "pk": 29, "fields": {"person": 30, "game": 6, "played_at": "2025-07-22T16:57:00Z"}}, {"model": "home.tasktype", "pk": 1, "fields": {"name": "Повышение лояльности"}}, {"model": "home.tasktype", "pk": 2, "fields": {"name": "Предпродажные коммуникации"}}, {"model": "home.tasks", "pk": 1, "fields": {"title": "Лояльность клиентов", "description": "Пригласить к расширению ассортимента игр, выслать сертификат", "time_management": null, "comment": "Пригласил, выслал сертификат, сказал забронирует сам на сайте позже.", "status": true, "is_important": true, "is_invite": false, "created_at": "2026-07-04T12:48:39.171Z", "completed_at": "2026-07-04", "person": 2, "user": 2, "task_type": 1}}, {"model": "home.tasks", "pk": 2, "fields": {"title": "Скидка ко дню рождения", "description": "Пригласить на день рождения, предложить пакет VR Party, выслать сертификат.", "time_management": "2026-07-04", "comment": null, "status": null, "is_important": true, "is_invite": true, "created_at": "2026-07-04T12:49:58.342Z", "completed_at": null, "person": 3, "user": 4, "task_type": 2}}, {"model": "home.tasks", "pk": 3, "fields": {"title": "Промо-чат", "description": "Пригласить в промо-чат, рассказать про ребрендинг клуба.", "time_management": null, "comment": "Отправил приглашение в чат клиенту, рассказал про ребрендинг.", "status": true, "is_important": false, "is_invite": true, "created_at": "2026-07-04T12:50:39.892Z", "completed_at": "2026-07-04", "person": 5, "user": 2, "task_type": 1}}, {"model": "home.tasks", "pk": 4, "fields": {"title": "Скидка ко дню рождения", "description": "Пригласить провести у нас день рождения, выслать сертификат", "time_management": "2026-07-05", "comment": null, "status": null, "is_important": true, "is_invite": false, "created_at": "2026-07-04T12:51:31.777Z", "completed_at": null, "person": 9, "user": 4, "task_type": 2}}, {"model": "home.tasks", "pk": 5, "fields": {"title": "Предложить корпоратив", "description": "Предложить провести у нас еще раз корпоратив с пакетом VR Party", "time_management": null, "comment": "Отказалась от корпоратива, говорит в прошлый раз не понравилось. Актуализировал дату рождения, девушка оказалось сильно моложе.", "status": false, "is_important": false, "is_invite": false, "created_at": "2026-07-04T12:52:24.938Z", "completed_at": "2026-07-04", "person": 13, "user": 2, "task_type": 2}}, {"model": "home.tasks", "pk": 6, "fields": {"title": "Лояльность", "description": "Поздравить с наступающим днем рождения, пожелать хорошего отпуска", "time_management": null, "comment": "Не отвечает на звонок, позвоню завтра снова", "status": null, "is_important": true, "is_invite": false, "created_at": "2026-07-04T12:53:19.583Z", "completed_at": null, "person": 15, "user": 4, "task_type": 1}}, {"model": "home.tasks", "pk": 7, "fields": {"title": "Промо-чат", "description": "Пригласить в промо-чат, выслать сертификат, рассказать про ребрендинг клуба и расширение ассортимента игр", "time_management": null, "comment": "Выслал ссылку на промо-чат, Ольга попросила в чат, выслал сертификат, рассказал про ребрендинг и расширение ассортимента игр.", "status": true, "is_important": false, "is_invite": true, "created_at": "2026-07-04T12:54:45.960Z", "completed_at": "2026-07-04", "person": 20, "user": 2, "task_type": 1}}, {"model": "home.tasks", "pk": 8, "fields": {"title": "Предпродажные", "description": "Пригласить на летнюю акцию, выслать сертификат", "time_management": null, "comment": "Пригласил на летнюю акцию, выслал сертификат, забронировал 4 часа квестов", "status": true, "is_important": true, "is_invite": false, "created_at": "2026-07-04T12:56:13.522Z", "completed_at": "2026-07-04", "person": 17, "user": 4, "task_type": 2}}, {"model": "home.tasks", "pk": 9, "fields": {"title": "Предпродажные", "description": "Пригласить в промо-чат, позвать на летнюю акцию", "time_management": null, "comment": null, "status": null, "is_important": true, "is_invite": true, "created_at": "2026-07-04T12:57:18.982Z", "completed_at": null, "person": 24, "user": 4, "task_type": 2}}, {"model": "home.tasks", "pk": 10, "fields": {"title": "Предпродажные", "description": "Позвать поиграть снова", "time_management": null, "comment": "Позвонил снова, номер недоступен, абонента не существует.", "status": true, "is_important": false, "is_invite": false, "created_at": "2026-07-04T12:58:31.582Z", "completed_at": "2026-07-04", "person": 12, "user": 4, "task_type": 2}}, {"model": "home.tasks", "pk": 11, "fields": {"title": "Пригласить в клуб", "description": "Рассказать о новых играх, позвать в клуб, выслать сертификат", "time_management": "2026-07-05", "comment": "Нет ответа", "status": null, "is_important": false, "is_invite": false, "created_at": "2026-07-04T13:46:21.798Z", "completed_at": null, "person": 17, "user": 2, "task_type": 2}}, {"model": "home.tasks", "pk": 12, "fields": {"title": "Предпродажные", "description": "Пригласить поиграть на акцию.", "time_management": null, "comment": null, "status": null, "is_important": true, "is_invite": false, "created_at": "2026-07-04T13:58:01.471Z", "completed_at": null, "person": 2, "user": 2, "task_type": 2}}, {"model": "home.tasks", "pk": 13, "fields": {"title": "Лояльность", "description": "Рассказать про ребрендинг, пригласить в новый промо-чат", "time_management": null, "comment": null, "status": null, "is_important": false, "is_invite": true, "created_at": "2026-07-04T13:58:50.479Z", "completed_at": null, "person": 5, "user": 2, "task_type": 1}}, {"model": "home.usertask", "pk": 1, "fields": {"user": 2, "task": 1}}, {"model": "home.usertask", "pk": 2, "fields": {"user": 4, "task": 2}}, {"model": "home.usertask", "pk": 3, "fields": {"user": 2, "task": 3}}, {"model": "home.usertask", "pk": 4, "fields": {"user": 4, "task": 4}}, {"model": "home.usertask", "pk": 5, "fields": {"user": 2, "task": 5}}, {"model": "home.usertask", "pk": 6, "fields": {"user": 4, "task": 6}}, {"model": "home.usertask", "pk": 7, "fields": {"user": 2, "task": 7}}, {"model": "home.usertask", "pk": 8, "fields": {"user": 4, "task": 8}}, {"model": "home.usertask", "pk": 9, "fields": {"user": 4, "task": 9}}, {"model": "home.usertask", "pk": 10, "fields": {"user": 4, "task": 10}}, {"model": "home.usertask", "pk": 11, "fields": {"user": 2, "task": 11}}, {"model": "home.usertask", "pk": 12, "fields": {"user": 2, "task": 12}}, {"model": "home.usertask", "pk": 13, "fields": {"user": 2, "task": 13}}, {"model": "home.timemanagementlog", "pk": 1, "fields": {"task": 6, "user": 4, "created_at": "2026-07-04T13:00:55.237Z", "time_management": "2026-07-06"}}, {"model": "home.timemanagementlog", "pk": 2, "fields": {"task": 2, "user": 4, "created_at": "2026-07-04T13:01:01.893Z", "time_management": "2026-07-04"}}, {"model": "home.timemanagementlog", "pk": 3, "fields": {"task": 4, "user": 4, "created_at": "2026-07-04T13:01:05.325Z", "time_management": "2026-07-05"}}, {"model": "home.timemanagementlog", "pk": 4, "fields": {"task": 6, "user": 4, "created_at": "2026-07-04T13:43:15.421Z", "time_management": null}}, {"model": "home.timemanagementlog", "pk": 5, "fields": {"task": 1, "user": 2, "created_at": "2026-07-04T13:51:43.817Z", "time_management": "2026-07-04"}}, {"model": "home.timemanagementlog", "pk": 6, "fields": {"task": 3, "user": 2, "created_at": "2026-07-04T13:51:46.290Z", "time_management": "2026-07-04"}}, {"model": "home.timemanagementlog", "pk": 7, "fields": {"task": 5, "user": 2, "created_at": "2026-07-04T13:51:49.667Z", "time_management": "2026-07-05"}}, {"model": "home.timemanagementlog", "pk": 8, "fields": {"task": 7, "user": 2, "created_at": "2026-07-04T13:51:52.346Z", "time_management": "2026-07-13"}}, {"model": "home.timemanagementlog", "pk": 9, "fields": {"task": 11, "user": 2, "created_at": "2026-07-04T13:52:16.075Z", "time_management": "2026-07-05"}}, {"model": "home.timemanagementlog", "pk": 10, "fields": {"task": 7, "user": 2, "created_at": "2026-07-04T13:55:12.717Z", "time_management": "2026-07-04"}}, {"model": "home.commentlog", "pk": 1, "fields": {"task": 6, "user": 4, "created_at": "2026-07-04T13:00:42.443Z", "comment": "Не отвечает на звонок, позвоню завтра снова"}}, {"model": "home.commentlog", "pk": 2, "fields": {"task": 8, "user": 4, "created_at": "2026-07-04T13:01:50.789Z", "comment": "Пригласил на летнюю акцию, выслал сертификат, забронировал 4 часа квестов"}}, {"model": "home.commentlog", "pk": 3, "fields": {"task": 10, "user": 4, "created_at": "2026-07-04T13:40:48.392Z", "comment": "Без ответа"}}, {"model": "home.commentlog", "pk": 4, "fields": {"task": 10, "user": 4, "created_at": "2026-07-04T13:41:00.411Z", "comment": "Позвонил снова, номер недоступен, абонента не существует."}}, {"model": "home.commentlog", "pk": 5, "fields": {"task": 11, "user": 2, "created_at": "2026-07-04T13:52:04.862Z", "comment": "Нет ответа"}}, {"model": "home.commentlog", "pk": 6, "fields": {"task": 1, "user": 2, "created_at": "2026-07-04T13:53:13.698Z", "comment": "Пригласил, выслал сертификат, сказал забронирует сам на сайте позже."}}, {"model": "home.commentlog", "pk": 7, "fields": {"task": 3, "user": 2, "created_at": "2026-07-04T13:53:44.735Z", "comment": "Отправил приглашение в чат клиенту, рассказал про ребрендинг."}}, {"model": "home.commentlog", "pk": 8, "fields": {"task": 5, "user": 2, "created_at": "2026-07-04T13:54:51.504Z", "comment": "Отказалась от корпоратива, говорит в прошлый раз не понравилось. Актуализировал дату рождения, девушка оказалось сильно моложе."}}, {"model": "home.commentlog", "pk": 9, "fields": {"task": 7, "user": 2, "created_at": "2026-07-04T13:56:11.394Z", "comment": "Выслал ссылку на промо-чат, Ольга попросила в чат, выслал сертификат, рассказал про ребрендинг и расширение ассортимента игр."}}, {"model": "home.taskstatus", "pk": 1, "fields": {"task": 8, "user": 4, "status": true, "created_at": "2026-07-04T13:01:52.350Z"}}, {"model": "home.taskstatus", "pk": 2, "fields": {"task": 10, "user": 4, "status": true, "created_at": "2026-07-04T13:41:01.573Z"}}, {"model": "home.taskstatus", "pk": 3, "fields": {"task": 1, "user": 2, "status": true, "created_at": "2026-07-04T13:53:16.087Z"}}, {"model": "home.taskstatus", "pk": 4, "fields": {"task": 3, "user": 2, "status": true, "created_at": "2026-07-04T13:53:45.958Z"}}, {"model": "home.taskstatus", "pk": 5, "fields": {"task": 5, "user": 2, "status": false, "created_at": "2026-07-04T13:54:52.544Z"}}, {"model": "home.taskstatus", "pk": 6, "fields": {"task": 7, "user": 2, "status": true, "created_at": "2026-07-04T13:56:12.498Z"}}]